Date,Function,Metric,Value
2022-07-01,AT&T,Billed Revenue,0.0
2022-07-01,AT&T,Monthly WIN - MRC,0.0
2022-07-01,AT&T,Monthly WIN - TCV,0.0
2022-07-01,AT&T,Order in Progress - MRC,0.0
2022-07-01,Emily's channel,Billed Revenue,0.0
2022-07-01,Emily's channel,Monthly WIN - MRC,0.0
2022-07-01,Emily's channel,Monthly WIN - TCV,0.0
2022-07-01,Emily's channel,Order in Progress - MRC,0.0
2022-07-01,IPA,Billed Revenue,13161969.0
2022-07-01,IPA,Monthly WIN - MRC,698810.0
2022-07-01,IPA,Monthly WIN - TCV,9303725.0
2022-07-01,IPA,Order in Progress - MRC,722694.0
2022-07-01,MNC,Billed Revenue,7081876.0
2022-07-01,MNC,Monthly WIN - MRC,354118.0
2022-07-01,MNC,Monthly WIN - TCV,7366183.0
2022-07-01,MNC,Order in Progress - MRC,419219.0
2022-07-01,Maggie's team,Billed Revenue,2600056.0
2022-07-01,Maggie's team,Monthly WIN - MRC,12077.0
2022-07-01,Maggie's team,Monthly WIN - TCV,148174.0
2022-07-01,Maggie's team,Order in Progress - MRC,42294.0
2022-07-01,Sherry's team,Billed Revenue,1128932.0
2022-07-01,Sherry's team,Monthly WIN - MRC,39858.0
2022-07-01,Sherry's team,Monthly WIN - TCV,1792190.0
2022-07-01,Sherry's team,Order in Progress - MRC,46108.0
2022-07-01,Zscaler,Billed Revenue,0.0
2022-07-01,Zscaler,Monthly WIN - MRC,0.0
2022-07-01,Zscaler,Monthly WIN - TCV,0.0
2022-07-01,Zscaler,Order in Progress - MRC,0.0
2022-08-01,AT&T,Billed Revenue,0.0
2022-08-01,AT&T,Monthly WIN - MRC,0.0
2022-08-01,AT&T,Monthly WIN - TCV,0.0
2022-08-01,AT&T,Order in Progress - MRC,0.0
2022-08-01,Emily's channel,Billed Revenue,0.0
2022-08-01,Emily's channel,Monthly WIN - MRC,0.0
2022-08-01,Emily's channel,Monthly WIN - TCV,0.0
2022-08-01,Emily's channel,Order in Progress - MRC,0.0
2022-08-01,IPA,Billed Revenue,13127614.0
2022-08-01,IPA,Monthly WIN - MRC,53165.0
2022-08-01,IPA,Monthly WIN - TCV,1009785.0
2022-08-01,IPA,Order in Progress - MRC,107863.0
2022-08-01,MNC,Billed Revenue,7194779.0
2022-08-01,MNC,Monthly WIN - MRC,77967.0
2022-08-01,MNC,Monthly WIN - TCV,1420438.0
2022-08-01,MNC,Order in Progress - MRC,105684.0
2022-08-01,Maggie's team,Billed Revenue,2801095.0
2022-08-01,Maggie's team,Monthly WIN - MRC,1371.0
2022-08-01,Maggie's team,Monthly WIN - TCV,26752.0
2022-08-01,Maggie's team,Order in Progress - MRC,68251.0
2022-08-01,Sherry's team,Billed Revenue,998545.0
2022-08-01,Sherry's team,Monthly WIN - MRC,381573.0
2022-08-01,Sherry's team,Monthly WIN - TCV,4665676.0
2022-08-01,Sherry's team,Order in Progress - MRC,307800.0
2022-08-01,Zscaler,Billed Revenue,0.0
2022-08-01,Zscaler,Monthly WIN - MRC,0.0
2022-08-01,Zscaler,Monthly WIN - TCV,0.0
2022-08-01,Zscaler,Order in Progress - MRC,0.0
2022-09-01,AT&T,Billed Revenue,0.0
2022-09-01,AT&T,Monthly WIN - MRC,0.0
2022-09-01,AT&T,Monthly WIN - TCV,0.0
2022-09-01,AT&T,Order in Progress - MRC,0.0
2022-09-01,Emily's channel,Billed Revenue,0.0
2022-09-01,Emily's channel,Monthly WIN - MRC,0.0
2022-09-01,Emily's channel,Monthly WIN - TCV,0.0
2022-09-01,Emily's channel,Order in Progress - MRC,0.0
2022-09-01,IPA,Billed Revenue,13016840.0
2022-09-01,IPA,Monthly WIN - MRC,81823.0
2022-09-01,IPA,Monthly WIN - TCV,1183834.0
2022-09-01,IPA,Order in Progress - MRC,38726.0
2022-09-01,MNC,Billed Revenue,8283638.0
2022-09-01,MNC,Monthly WIN - MRC,164072.0
2022-09-01,MNC,Monthly WIN - TCV,4026414.0
2022-09-01,MNC,Order in Progress - MRC,119847.0
2022-09-01,Maggie's team,Billed Revenue,2601864.0
2022-09-01,Maggie's team,Monthly WIN - MRC,7855.0
2022-09-01,Maggie's team,Monthly WIN - TCV,137913.0
2022-09-01,Maggie's team,Order in Progress - MRC,18759.0
2022-09-01,Sherry's team,Billed Revenue,1150707.0
2022-09-01,Sherry's team,Monthly WIN - MRC,25770.0
2022-09-01,Sherry's team,Monthly WIN - TCV,410688.0
2022-09-01,Sherry's team,Order in Progress - MRC,30476.0
2022-09-01,Zscaler,Billed Revenue,0.0
2022-09-01,Zscaler,Monthly WIN - MRC,0.0
2022-09-01,Zscaler,Monthly WIN - TCV,0.0
2022-09-01,Zscaler,Order in Progress - MRC,0.0
2022-10-01,AT&T,Billed Revenue,0.0
2022-10-01,AT&T,Monthly WIN - MRC,0.0
2022-10-01,AT&T,Monthly WIN - TCV,0.0
2022-10-01,AT&T,Order in Progress - MRC,0.0
2022-10-01,Emily's channel,Billed Revenue,0.0
2022-10-01,Emily's channel,Monthly WIN - MRC,0.0
2022-10-01,Emily's channel,Monthly WIN - TCV,0.0
2022-10-01,Emily's channel,Order in Progress - MRC,0.0
2022-10-01,IPA,Billed Revenue,12925598.0
2022-10-01,IPA,Monthly WIN - MRC,103739.0
2022-10-01,IPA,Monthly WIN - TCV,2000981.0
2022-10-01,IPA,Order in Progress - MRC,113639.0
2022-10-01,MNC,Billed Revenue,6984057.0
2022-10-01,MNC,Monthly WIN - MRC,9036.0
2022-10-01,MNC,Monthly WIN - TCV,340015.0
2022-10-01,MNC,Order in Progress - MRC,62433.0
2022-10-01,Maggie's team,Billed Revenue,2573987.0
2022-10-01,Maggie's team,Monthly WIN - MRC,2624.0
2022-10-01,Maggie's team,Monthly WIN - TCV,62238.0
2022-10-01,Maggie's team,Order in Progress - MRC,14989.0
2022-10-01,Sherry's team,Billed Revenue,519436.0
2022-10-01,Sherry's team,Monthly WIN - MRC,100263.0
2022-10-01,Sherry's team,Monthly WIN - TCV,3722806.0
2022-10-01,Sherry's team,Order in Progress - MRC,114343.0
2022-10-01,Zscaler,Billed Revenue,0.0
2022-10-01,Zscaler,Monthly WIN - MRC,0.0
2022-10-01,Zscaler,Monthly WIN - TCV,0.0
2022-10-01,Zscaler,Order in Progress - MRC,0.0
2022-11-01,AT&T,Billed Revenue,0.0
2022-11-01,AT&T,Monthly WIN - MRC,0.0
2022-11-01,AT&T,Monthly WIN - TCV,0.0
2022-11-01,AT&T,Order in Progress - MRC,0.0
2022-11-01,Emily's channel,Billed Revenue,0.0
2022-11-01,Emily's channel,Monthly WIN - MRC,0.0
2022-11-01,Emily's channel,Monthly WIN - TCV,0.0
2022-11-01,Emily's channel,Order in Progress - MRC,0.0
2022-11-01,IPA,Billed Revenue,12887109.0
2022-11-01,IPA,Monthly WIN - MRC,28384.0
2022-11-01,IPA,Monthly WIN - TCV,716877.0
2022-11-01,IPA,Order in Progress - MRC,286284.0
2022-11-01,MNC,Billed Revenue,7076070.0
2022-11-01,MNC,Monthly WIN - MRC,82016.0
2022-11-01,MNC,Monthly WIN - TCV,1984569.0
2022-11-01,MNC,Order in Progress - MRC,30450.0
2022-11-01,Maggie's team,Billed Revenue,2564427.0
2022-11-01,Maggie's team,Monthly WIN - MRC,470.0
2022-11-01,Maggie's team,Monthly WIN - TCV,20340.0
2022-11-01,Maggie's team,Order in Progress - MRC,44120.0
2022-11-01,Sherry's team,Billed Revenue,2723056.0
2022-11-01,Sherry's team,Monthly WIN - MRC,1754789.0
2022-11-01,Sherry's team,Monthly WIN - TCV,22858859.0
2022-11-01,Sherry's team,Order in Progress - MRC,635115.0
2022-11-01,Zscaler,Billed Revenue,0.0
2022-11-01,Zscaler,Monthly WIN - MRC,0.0
2022-11-01,Zscaler,Monthly WIN - TCV,0.0
2022-11-01,Zscaler,Order in Progress - MRC,0.0
2022-12-01,AT&T,Billed Revenue,0.0
2022-12-01,AT&T,Monthly WIN - MRC,0.0
2022-12-01,AT&T,Monthly WIN - TCV,0.0
2022-12-01,AT&T,Order in Progress - MRC,0.0
2022-12-01,Emily's channel,Billed Revenue,0.0
2022-12-01,Emily's channel,Monthly WIN - MRC,0.0
2022-12-01,Emily's channel,Monthly WIN - TCV,0.0
2022-12-01,Emily's channel,Order in Progress - MRC,0.0
2022-12-01,IPA,Billed Revenue,0.0
2022-12-01,IPA,Monthly WIN - MRC,0.0
2022-12-01,IPA,Monthly WIN - TCV,0.0
2022-12-01,IPA,Order in Progress - MRC,0.0
2022-12-01,MNC,Billed Revenue,7313346.393900005
2022-12-01,MNC,Monthly WIN - MRC,0.0
2022-12-01,MNC,Monthly WIN - TCV,0.0
2022-12-01,MNC,Order in Progress - MRC,0.0
2022-12-01,Maggie's team,Billed Revenue,0.0
2022-12-01,Maggie's team,Monthly WIN - MRC,0.0
2022-12-01,Maggie's team,Monthly WIN - TCV,0.0
2022-12-01,Maggie's team,Order in Progress - MRC,0.0
2022-12-01,Sherry's team,Billed Revenue,0.0
2022-12-01,Sherry's team,Monthly WIN - MRC,0.0
2022-12-01,Sherry's team,Monthly WIN - TCV,0.0
2022-12-01,Sherry's team,Order in Progress - MRC,0.0
2022-12-01,Zscaler,Billed Revenue,0.0
2022-12-01,Zscaler,Monthly WIN - MRC,0.0
2022-12-01,Zscaler,Monthly WIN - TCV,0.0
2022-12-01,Zscaler,Order in Progress - MRC,0.0
2023-01-01,AT&T,Billed Revenue,0.0
2023-01-01,AT&T,Monthly WIN - MRC,0.0
2023-01-01,AT&T,Monthly WIN - TCV,0.0
2023-01-01,AT&T,Order in Progress - MRC,0.0
2023-01-01,Emily's channel,Billed Revenue,0.0
2023-01-01,Emily's channel,Monthly WIN - MRC,0.0
2023-01-01,Emily's channel,Monthly WIN - TCV,0.0
2023-01-01,Emily's channel,Order in Progress - MRC,0.0
2023-01-01,IPA,Billed Revenue,0.0
2023-01-01,IPA,Monthly WIN - MRC,0.0
2023-01-01,IPA,Monthly WIN - TCV,0.0
2023-01-01,IPA,Order in Progress - MRC,0.0
2023-01-01,MNC,Billed Revenue,7012208.29
2023-01-01,MNC,Monthly WIN - MRC,0.0
2023-01-01,MNC,Monthly WIN - TCV,0.0
2023-01-01,MNC,Order in Progress - MRC,0.0
2023-01-01,Maggie's team,Billed Revenue,0.0
2023-01-01,Maggie's team,Monthly WIN - MRC,0.0
2023-01-01,Maggie's team,Monthly WIN - TCV,0.0
2023-01-01,Maggie's team,Order in Progress - MRC,0.0
2023-01-01,Sherry's team,Billed Revenue,0.0
2023-01-01,Sherry's team,Monthly WIN - MRC,0.0
2023-01-01,Sherry's team,Monthly WIN - TCV,0.0
2023-01-01,Sherry's team,Order in Progress - MRC,0.0
2023-01-01,Zscaler,Billed Revenue,0.0
2023-01-01,Zscaler,Monthly WIN - MRC,0.0
2023-01-01,Zscaler,Monthly WIN - TCV,0.0
2023-01-01,Zscaler,Order in Progress - MRC,0.0
2023-02-01,AT&T,Billed Revenue,0.0
2023-02-01,AT&T,Monthly WIN - MRC,0.0
2023-02-01,AT&T,Monthly WIN - TCV,0.0
2023-02-01,AT&T,Order in Progress - MRC,0.0
2023-02-01,Emily's channel,Billed Revenue,0.0
2023-02-01,Emily's channel,Monthly WIN - MRC,0.0
2023-02-01,Emily's channel,Monthly WIN - TCV,0.0
2023-02-01,Emily's channel,Order in Progress - MRC,0.0
2023-02-01,IPA,Billed Revenue,0.0
2023-02-01,IPA,Monthly WIN - MRC,0.0
2023-02-01,IPA,Monthly WIN - TCV,0.0
2023-02-01,IPA,Order in Progress - MRC,0.0
2023-02-01,MNC,Billed Revenue,7070685.65
2023-02-01,MNC,Monthly WIN - MRC,0.0
2023-02-01,MNC,Monthly WIN - TCV,0.0
2023-02-01,MNC,Order in Progress - MRC,0.0
2023-02-01,Maggie's team,Billed Revenue,0.0
2023-02-01,Maggie's team,Monthly WIN - MRC,0.0
2023-02-01,Maggie's team,Monthly WIN - TCV,0.0
2023-02-01,Maggie's team,Order in Progress - MRC,0.0
2023-02-01,Sherry's team,Billed Revenue,0.0
2023-02-01,Sherry's team,Monthly WIN - MRC,0.0
2023-02-01,Sherry's team,Monthly WIN - TCV,0.0
2023-02-01,Sherry's team,Order in Progress - MRC,0.0
2023-02-01,Zscaler,Billed Revenue,0.0
2023-02-01,Zscaler,Monthly WIN - MRC,0.0
2023-02-01,Zscaler,Monthly WIN - TCV,0.0
2023-02-01,Zscaler,Order in Progress - MRC,0.0
2023-03-01,AT&T,Billed Revenue,0.0
2023-03-01,AT&T,Monthly WIN - MRC,0.0
2023-03-01,AT&T,Monthly WIN - TCV,0.0
2023-03-01,AT&T,Order in Progress - MRC,0.0
2023-03-01,Emily's channel,Billed Revenue,0.0
2023-03-01,Emily's channel,Monthly WIN - MRC,0.0
2023-03-01,Emily's channel,Monthly WIN - TCV,0.0
2023-03-01,Emily's channel,Order in Progress - MRC,0.0
2023-03-01,IPA,Billed Revenue,0.0
2023-03-01,IPA,Monthly WIN - MRC,0.0
2023-03-01,IPA,Monthly WIN - TCV,0.0
2023-03-01,IPA,Order in Progress - MRC,0.0
2023-03-01,MNC,Billed Revenue,6864766.67
2023-03-01,MNC,Monthly WIN - MRC,0.0
2023-03-01,MNC,Monthly WIN - TCV,0.0
2023-03-01,MNC,Order in Progress - MRC,0.0
2023-03-01,Maggie's team,Billed Revenue,0.0
2023-03-01,Maggie's team,Monthly WIN - MRC,0.0
2023-03-01,Maggie's team,Monthly WIN - TCV,0.0
2023-03-01,Maggie's team,Order in Progress - MRC,0.0
2023-03-01,Sherry's team,Billed Revenue,0.0
2023-03-01,Sherry's team,Monthly WIN - MRC,0.0
2023-03-01,Sherry's team,Monthly WIN - TCV,0.0
2023-03-01,Sherry's team,Order in Progress - MRC,0.0
2023-03-01,Zscaler,Billed Revenue,0.0
2023-03-01,Zscaler,Monthly WIN - MRC,0.0
2023-03-01,Zscaler,Monthly WIN - TCV,0.0
2023-03-01,Zscaler,Order in Progress - MRC,0.0
2023-04-01,AT&T,Billed Revenue,0.0
2023-04-01,AT&T,Monthly WIN - MRC,0.0
2023-04-01,AT&T,Monthly WIN - TCV,0.0
2023-04-01,AT&T,Order in Progress - MRC,0.0
2023-04-01,Emily's channel,Billed Revenue,0.0
2023-04-01,Emily's channel,Monthly WIN - MRC,0.0
2023-04-01,Emily's channel,Monthly WIN - TCV,0.0
2023-04-01,Emily's channel,Order in Progress - MRC,0.0
2023-04-01,IPA,Billed Revenue,13537519.0
2023-04-01,IPA,Monthly WIN - MRC,115814.0
2023-04-01,IPA,Monthly WIN - TCV,1747107.0
2023-04-01,IPA,Order in Progress - MRC,357101.0
2023-04-01,MNC,Billed Revenue,6612752.0
2023-04-01,MNC,Monthly WIN - MRC,407655.0
2023-04-01,MNC,Monthly WIN - TCV,12161548.0
2023-04-01,MNC,Order in Progress - MRC,467196.0
2023-04-01,Maggie's team,Billed Revenue,2329302.0
2023-04-01,Maggie's team,Monthly WIN - MRC,8128.0
2023-04-01,Maggie's team,Monthly WIN - TCV,108296.0
2023-04-01,Maggie's team,Order in Progress - MRC,21224.0
2023-04-01,Sherry's team,Billed Revenue,1591139.0
2023-04-01,Sherry's team,Monthly WIN - MRC,148245.0
2023-04-01,Sherry's team,Monthly WIN - TCV,3237216.0
2023-04-01,Sherry's team,Order in Progress - MRC,149143.0
2023-04-01,Zscaler,Billed Revenue,0.0
2023-04-01,Zscaler,Monthly WIN - MRC,0.0
2023-04-01,Zscaler,Monthly WIN - TCV,0.0
2023-04-01,Zscaler,Order in Progress - MRC,0.0
2023-05-01,AT&T,Billed Revenue,0.0
2023-05-01,AT&T,Monthly WIN - MRC,0.0
2023-05-01,AT&T,Monthly WIN - TCV,0.0
2023-05-01,AT&T,Order in Progress - MRC,0.0
2023-05-01,Emily's channel,Billed Revenue,0.0
2023-05-01,Emily's channel,Monthly WIN - MRC,0.0
2023-05-01,Emily's channel,Monthly WIN - TCV,0.0
2023-05-01,Emily's channel,Order in Progress - MRC,0.0
2023-05-01,IPA,Billed Revenue,13066522.0
2023-05-01,IPA,Monthly WIN - MRC,168759.0
2023-05-01,IPA,Monthly WIN - TCV,3720012.0
2023-05-01,IPA,Order in Progress - MRC,220255.0
2023-05-01,MNC,Billed Revenue,6726490.0
2023-05-01,MNC,Monthly WIN - MRC,197506.0
2023-05-01,MNC,Monthly WIN - TCV,3526539.0
2023-05-01,MNC,Order in Progress - MRC,205414.0
2023-05-01,Maggie's team,Billed Revenue,2539961.0
2023-05-01,Maggie's team,Monthly WIN - MRC,35629.0
2023-05-01,Maggie's team,Monthly WIN - TCV,88844.0
2023-05-01,Maggie's team,Order in Progress - MRC,35256.0
2023-05-01,Sherry's team,Billed Revenue,2358053.0
2023-05-01,Sherry's team,Monthly WIN - MRC,32604.0
2023-05-01,Sherry's team,Monthly WIN - TCV,420355.0
2023-05-01,Sherry's team,Order in Progress - MRC,11630.0
2023-05-01,Zscaler,Billed Revenue,0.0
2023-05-01,Zscaler,Monthly WIN - MRC,0.0
2023-05-01,Zscaler,Monthly WIN - TCV,0.0
2023-05-01,Zscaler,Order in Progress - MRC,0.0
2023-06-01,AT&T,Billed Revenue,0.0
2023-06-01,AT&T,Monthly WIN - MRC,0.0
2023-06-01,AT&T,Monthly WIN - TCV,0.0
2023-06-01,AT&T,Order in Progress - MRC,0.0
2023-06-01,Emily's channel,Billed Revenue,0.0
2023-06-01,Emily's channel,Monthly WIN - MRC,0.0
2023-06-01,Emily's channel,Monthly WIN - TCV,0.0
2023-06-01,Emily's channel,Order in Progress - MRC,0.0
2023-06-01,IPA,Billed Revenue,12770304.0
2023-06-01,IPA,Monthly WIN - MRC,7315.0
2023-06-01,IPA,Monthly WIN - TCV,219024.0
2023-06-01,IPA,Order in Progress - MRC,130070.0
2023-06-01,MNC,Billed Revenue,7035702.0
2023-06-01,MNC,Monthly WIN - MRC,43856.0
2023-06-01,MNC,Monthly WIN - TCV,1091142.0
2023-06-01,MNC,Order in Progress - MRC,36964.0
2023-06-01,Maggie's team,Billed Revenue,2367452.0
2023-06-01,Maggie's team,Monthly WIN - MRC,33478.0
2023-06-01,Maggie's team,Monthly WIN - TCV,837286.0
2023-06-01,Maggie's team,Order in Progress - MRC,117545.0
2023-06-01,Sherry's team,Billed Revenue,2090989.0
2023-06-01,Sherry's team,Monthly WIN - MRC,37188.0
2023-06-01,Sherry's team,Monthly WIN - TCV,423576.0
2023-06-01,Sherry's team,Order in Progress - MRC,14581.0
2023-06-01,Zscaler,Billed Revenue,0.0
2023-06-01,Zscaler,Monthly WIN - MRC,0.0
2023-06-01,Zscaler,Monthly WIN - TCV,0.0
2023-06-01,Zscaler,Order in Progress - MRC,0.0
2023-07-01,AT&T,Billed Revenue,0.0
2023-07-01,AT&T,Monthly WIN - MRC,0.0
2023-07-01,AT&T,Monthly WIN - TCV,0.0
2023-07-01,AT&T,Order in Progress - MRC,0.0
2023-07-01,Emily's channel,Billed Revenue,0.0
2023-07-01,Emily's channel,Monthly WIN - MRC,0.0
2023-07-01,Emily's channel,Monthly WIN - TCV,0.0
2023-07-01,Emily's channel,Order in Progress - MRC,0.0
2023-07-01,IPA,Billed Revenue,12688693.0
2023-07-01,IPA,Monthly WIN - MRC,231718.0
2023-07-01,IPA,Monthly WIN - TCV,3969674.0
2023-07-01,IPA,Order in Progress - MRC,664954.0
2023-07-01,MNC,Billed Revenue,6938983.0
2023-07-01,MNC,Monthly WIN - MRC,89042.0
2023-07-01,MNC,Monthly WIN - TCV,2270598.0
2023-07-01,MNC,Order in Progress - MRC,150016.0
2023-07-01,Maggie's team,Billed Revenue,2304675.0
2023-07-01,Maggie's team,Monthly WIN - MRC,18025.0
2023-07-01,Maggie's team,Monthly WIN - TCV,348390.0
2023-07-01,Maggie's team,Order in Progress - MRC,45569.0
2023-07-01,Sherry's team,Billed Revenue,2406947.0
2023-07-01,Sherry's team,Monthly WIN - MRC,7932.0
2023-07-01,Sherry's team,Monthly WIN - TCV,402385.0
2023-07-01,Sherry's team,Order in Progress - MRC,0.0
2023-07-01,Zscaler,Billed Revenue,0.0
2023-07-01,Zscaler,Monthly WIN - MRC,0.0
2023-07-01,Zscaler,Monthly WIN - TCV,0.0
2023-07-01,Zscaler,Order in Progress - MRC,0.0
2023-08-01,AT&T,Billed Revenue,0.0
2023-08-01,AT&T,Monthly WIN - MRC,0.0
2023-08-01,AT&T,Monthly WIN - TCV,0.0
2023-08-01,AT&T,Order in Progress - MRC,0.0
2023-08-01,Emily's channel,Billed Revenue,0.0
2023-08-01,Emily's channel,Monthly WIN - MRC,0.0
2023-08-01,Emily's channel,Monthly WIN - TCV,0.0
2023-08-01,Emily's channel,Order in Progress - MRC,0.0
2023-08-01,IPA,Billed Revenue,12872784.0
2023-08-01,IPA,Monthly WIN - MRC,185728.0
2023-08-01,IPA,Monthly WIN - TCV,3198995.0
2023-08-01,IPA,Order in Progress - MRC,429126.0
2023-08-01,MNC,Billed Revenue,6729870.0
2023-08-01,MNC,Monthly WIN - MRC,175693.0
2023-08-01,MNC,Monthly WIN - TCV,3694970.0
2023-08-01,MNC,Order in Progress - MRC,337941.0
2023-08-01,Maggie's team,Billed Revenue,2394347.0
2023-08-01,Maggie's team,Monthly WIN - MRC,16544.0
2023-08-01,Maggie's team,Monthly WIN - TCV,202028.0
2023-08-01,Maggie's team,Order in Progress - MRC,65898.0
2023-08-01,Sherry's team,Billed Revenue,1747244.0
2023-08-01,Sherry's team,Monthly WIN - MRC,40710.0
2023-08-01,Sherry's team,Monthly WIN - TCV,561870.0
2023-08-01,Sherry's team,Order in Progress - MRC,37350.0
2023-08-01,Zscaler,Billed Revenue,0.0
2023-08-01,Zscaler,Monthly WIN - MRC,0.0
2023-08-01,Zscaler,Monthly WIN - TCV,0.0
2023-08-01,Zscaler,Order in Progress - MRC,0.0
2023-09-01,AT&T,Billed Revenue,0.0
2023-09-01,AT&T,Monthly WIN - MRC,0.0
2023-09-01,AT&T,Monthly WIN - TCV,0.0
2023-09-01,AT&T,Order in Progress - MRC,0.0
2023-09-01,Emily's channel,Billed Revenue,0.0
2023-09-01,Emily's channel,Monthly WIN - MRC,0.0
2023-09-01,Emily's channel,Monthly WIN - TCV,0.0
2023-09-01,Emily's channel,Order in Progress - MRC,0.0
2023-09-01,IPA,Billed Revenue,12851687.0
2023-09-01,IPA,Monthly WIN - MRC,171821.0
2023-09-01,IPA,Monthly WIN - TCV,5278246.0
2023-09-01,IPA,Order in Progress - MRC,292425.0
2023-09-01,MNC,Billed Revenue,6654455.0
2023-09-01,MNC,Monthly WIN - MRC,195452.0
2023-09-01,MNC,Monthly WIN - TCV,5264858.0
2023-09-01,MNC,Order in Progress - MRC,166210.0
2023-09-01,Maggie's team,Billed Revenue,2354196.0
2023-09-01,Maggie's team,Monthly WIN - MRC,12516.0
2023-09-01,Maggie's team,Monthly WIN - TCV,261795.0
2023-09-01,Maggie's team,Order in Progress - MRC,52347.0
2023-09-01,Sherry's team,Billed Revenue,1585710.0
2023-09-01,Sherry's team,Monthly WIN - MRC,41263.0
2023-09-01,Sherry's team,Monthly WIN - TCV,705812.0
2023-09-01,Sherry's team,Order in Progress - MRC,47885.0
2023-09-01,Zscaler,Billed Revenue,0.0
2023-09-01,Zscaler,Monthly WIN - MRC,0.0
2023-09-01,Zscaler,Monthly WIN - TCV,0.0
2023-09-01,Zscaler,Order in Progress - MRC,0.0
2023-10-01,AT&T,Billed Revenue,0.0
2023-10-01,AT&T,Monthly WIN - MRC,0.0
2023-10-01,AT&T,Monthly WIN - TCV,0.0
2023-10-01,AT&T,Order in Progress - MRC,0.0
2023-10-01,Emily's channel,Billed Revenue,0.0
2023-10-01,Emily's channel,Monthly WIN - MRC,0.0
2023-10-01,Emily's channel,Monthly WIN - TCV,0.0
2023-10-01,Emily's channel,Order in Progress - MRC,0.0
2023-10-01,IPA,Billed Revenue,12983549.0
2023-10-01,IPA,Monthly WIN - MRC,62547.0
2023-10-01,IPA,Monthly WIN - TCV,786170.0
2023-10-01,IPA,Order in Progress - MRC,79155.0
2023-10-01,MNC,Billed Revenue,6548986.0
2023-10-01,MNC,Monthly WIN - MRC,357928.0
2023-10-01,MNC,Monthly WIN - TCV,8628619.0
2023-10-01,MNC,Order in Progress - MRC,559651.0
2023-10-01,Maggie's team,Billed Revenue,2121010.0
2023-10-01,Maggie's team,Monthly WIN - MRC,0.0
2023-10-01,Maggie's team,Monthly WIN - TCV,0.0
2023-10-01,Maggie's team,Order in Progress - MRC,62236.0
2023-10-01,Sherry's team,Billed Revenue,2229765.0
2023-10-01,Sherry's team,Monthly WIN - MRC,0.0
2023-10-01,Sherry's team,Monthly WIN - TCV,0.0
2023-10-01,Sherry's team,Order in Progress - MRC,11335.0
2023-10-01,Zscaler,Billed Revenue,0.0
2023-10-01,Zscaler,Monthly WIN - MRC,0.0
2023-10-01,Zscaler,Monthly WIN - TCV,0.0
2023-10-01,Zscaler,Order in Progress - MRC,0.0
2023-11-01,AT&T,Billed Revenue,0.0
2023-11-01,AT&T,Monthly WIN - MRC,0.0
2023-11-01,AT&T,Monthly WIN - TCV,0.0
2023-11-01,AT&T,Order in Progress - MRC,0.0
2023-11-01,Emily's channel,Billed Revenue,0.0
2023-11-01,Emily's channel,Monthly WIN - MRC,0.0
2023-11-01,Emily's channel,Monthly WIN - TCV,0.0
2023-11-01,Emily's channel,Order in Progress - MRC,0.0
2023-11-01,IPA,Billed Revenue,0.0
2023-11-01,IPA,Monthly WIN - MRC,0.0
2023-11-01,IPA,Monthly WIN - TCV,0.0
2023-11-01,IPA,Order in Progress - MRC,0.0
2023-11-01,MNC,Billed Revenue,6935112.6595
2023-11-01,MNC,Monthly WIN - MRC,0.0
2023-11-01,MNC,Monthly WIN - TCV,0.0
2023-11-01,MNC,Order in Progress - MRC,0.0
2023-11-01,Maggie's team,Billed Revenue,0.0
2023-11-01,Maggie's team,Monthly WIN - MRC,0.0
2023-11-01,Maggie's team,Monthly WIN - TCV,0.0
2023-11-01,Maggie's team,Order in Progress - MRC,0.0
2023-11-01,Sherry's team,Billed Revenue,0.0
2023-11-01,Sherry's team,Monthly WIN - MRC,0.0
2023-11-01,Sherry's team,Monthly WIN - TCV,0.0
2023-11-01,Sherry's team,Order in Progress - MRC,0.0
2023-11-01,Zscaler,Billed Revenue,0.0
2023-11-01,Zscaler,Monthly WIN - MRC,0.0
2023-11-01,Zscaler,Monthly WIN - TCV,0.0
2023-11-01,Zscaler,Order in Progress - MRC,0.0
2023-12-01,AT&T,Billed Revenue,0.0
2023-12-01,AT&T,Monthly WIN - MRC,0.0
2023-12-01,AT&T,Monthly WIN - TCV,0.0
2023-12-01,AT&T,Order in Progress - MRC,0.0
2023-12-01,Emily's channel,Billed Revenue,0.0
2023-12-01,Emily's channel,Monthly WIN - MRC,0.0
2023-12-01,Emily's channel,Monthly WIN - TCV,0.0
2023-12-01,Emily's channel,Order in Progress - MRC,0.0
2023-12-01,IPA,Billed Revenue,13572220.0
2023-12-01,IPA,Monthly WIN - MRC,182675.0
2023-12-01,IPA,Monthly WIN - TCV,1720941.0
2023-12-01,IPA,Order in Progress - MRC,142042.0
2023-12-01,MNC,Billed Revenue,7511542.0
2023-12-01,MNC,Monthly WIN - MRC,296257.0
2023-12-01,MNC,Monthly WIN - TCV,7408173.0
2023-12-01,MNC,Order in Progress - MRC,175127.0
2023-12-01,Maggie's team,Billed Revenue,2223551.0
2023-12-01,Maggie's team,Monthly WIN - MRC,12177.0
2023-12-01,Maggie's team,Monthly WIN - TCV,212508.0
2023-12-01,Maggie's team,Order in Progress - MRC,17659.0
2023-12-01,Sherry's team,Billed Revenue,0.0
2023-12-01,Sherry's team,Monthly WIN - MRC,0.0
2023-12-01,Sherry's team,Monthly WIN - TCV,0.0
2023-12-01,Sherry's team,Order in Progress - MRC,0.0
2023-12-01,Zscaler,Billed Revenue,0.0
2023-12-01,Zscaler,Monthly WIN - MRC,0.0
2023-12-01,Zscaler,Monthly WIN - TCV,0.0
2023-12-01,Zscaler,Order in Progress - MRC,0.0
2024-01-01,AT&T,Billed Revenue,0.0
2024-01-01,AT&T,Monthly WIN - MRC,0.0
2024-01-01,AT&T,Monthly WIN - TCV,0.0
2024-01-01,AT&T,Order in Progress - MRC,0.0
2024-01-01,Emily's channel,Billed Revenue,0.0
2024-01-01,Emily's channel,Monthly WIN - MRC,0.0
2024-01-01,Emily's channel,Monthly WIN - TCV,0.0
2024-01-01,Emily's channel,Order in Progress - MRC,0.0
2024-01-01,IPA,Billed Revenue,13601422.0
2024-01-01,IPA,Monthly WIN - MRC,24059.0
2024-01-01,IPA,Monthly WIN - TCV,304808.0
2024-01-01,IPA,Order in Progress - MRC,271339.0
2024-01-01,MNC,Billed Revenue,7339892.0
2024-01-01,MNC,Monthly WIN - MRC,169566.0
2024-01-01,MNC,Monthly WIN - TCV,4279627.0
2024-01-01,MNC,Order in Progress - MRC,116247.0
2024-01-01,Maggie's team,Billed Revenue,2596902.0
2024-01-01,Maggie's team,Monthly WIN - MRC,4260.0
2024-01-01,Maggie's team,Monthly WIN - TCV,55120.0
2024-01-01,Maggie's team,Order in Progress - MRC,0.0
2024-01-01,Sherry's team,Billed Revenue,1624507.0
2024-01-01,Sherry's team,Monthly WIN - MRC,453403.0
2024-01-01,Sherry's team,Monthly WIN - TCV,2211532.0
2024-01-01,Sherry's team,Order in Progress - MRC,25395.0
2024-01-01,Zscaler,Billed Revenue,0.0
2024-01-01,Zscaler,Monthly WIN - MRC,0.0
2024-01-01,Zscaler,Monthly WIN - TCV,0.0
2024-01-01,Zscaler,Order in Progress - MRC,0.0
2024-02-01,AT&T,Billed Revenue,0.0
2024-02-01,AT&T,Monthly WIN - MRC,0.0
2024-02-01,AT&T,Monthly WIN - TCV,0.0
2024-02-01,AT&T,Order in Progress - MRC,0.0
2024-02-01,Emily's channel,Billed Revenue,0.0
2024-02-01,Emily's channel,Monthly WIN - MRC,0.0
2024-02-01,Emily's channel,Monthly WIN - TCV,0.0
2024-02-01,Emily's channel,Order in Progress - MRC,0.0
2024-02-01,IPA,Billed Revenue,13350811.0
2024-02-01,IPA,Monthly WIN - MRC,18970.0
2024-02-01,IPA,Monthly WIN - TCV,483700.0
2024-02-01,IPA,Order in Progress - MRC,587972.0
2024-02-01,MNC,Billed Revenue,7512221.0
2024-02-01,MNC,Monthly WIN - MRC,286214.0
2024-02-01,MNC,Monthly WIN - TCV,3483169.0
2024-02-01,MNC,Order in Progress - MRC,113629.0
2024-02-01,Maggie's team,Billed Revenue,2605713.0
2024-02-01,Maggie's team,Monthly WIN - MRC,113535.0
2024-02-01,Maggie's team,Monthly WIN - TCV,1365420.0
2024-02-01,Maggie's team,Order in Progress - MRC,117140.0
2024-02-01,Sherry's team,Billed Revenue,1716353.0
2024-02-01,Sherry's team,Monthly WIN - MRC,8439.0
2024-02-01,Sherry's team,Monthly WIN - TCV,413192.0
2024-02-01,Sherry's team,Order in Progress - MRC,0.0
2024-02-01,Zscaler,Billed Revenue,0.0
2024-02-01,Zscaler,Monthly WIN - MRC,0.0
2024-02-01,Zscaler,Monthly WIN - TCV,0.0
2024-02-01,Zscaler,Order in Progress - MRC,0.0
2024-03-01,AT&T,Billed Revenue,0.0
2024-03-01,AT&T,Monthly WIN - MRC,0.0
2024-03-01,AT&T,Monthly WIN - TCV,0.0
2024-03-01,AT&T,Order in Progress - MRC,0.0
2024-03-01,Emily's channel,Billed Revenue,0.0
2024-03-01,Emily's channel,Monthly WIN - MRC,0.0
2024-03-01,Emily's channel,Monthly WIN - TCV,0.0
2024-03-01,Emily's channel,Order in Progress - MRC,0.0
2024-03-01,IPA,Billed Revenue,12660781.0
2024-03-01,IPA,Monthly WIN - MRC,139104.0
2024-03-01,IPA,Monthly WIN - TCV,4383057.0
2024-03-01,IPA,Order in Progress - MRC,214487.0
2024-03-01,MNC,Billed Revenue,6769440.0
2024-03-01,MNC,Monthly WIN - MRC,345470.0
2024-03-01,MNC,Monthly WIN - TCV,11902662.0
2024-03-01,MNC,Order in Progress - MRC,324831.0
2024-03-01,Maggie's team,Billed Revenue,2645502.0
2024-03-01,Maggie's team,Monthly WIN - MRC,483.0
2024-03-01,Maggie's team,Monthly WIN - TCV,21788.0
2024-03-01,Maggie's team,Order in Progress - MRC,483.0
2024-03-01,Sherry's team,Billed Revenue,2734061.0
2024-03-01,Sherry's team,Monthly WIN - MRC,12675.0
2024-03-01,Sherry's team,Monthly WIN - TCV,1347252.0
2024-03-01,Sherry's team,Order in Progress - MRC,4905.0
2024-03-01,Zscaler,Billed Revenue,0.0
2024-03-01,Zscaler,Monthly WIN - MRC,0.0
2024-03-01,Zscaler,Monthly WIN - TCV,0.0
2024-03-01,Zscaler,Order in Progress - MRC,0.0
2024-04-01,AT&T,Billed Revenue,0.0
2024-04-01,AT&T,Monthly WIN - MRC,0.0
2024-04-01,AT&T,Monthly WIN - TCV,0.0
2024-04-01,AT&T,Order in Progress - MRC,0.0
2024-04-01,Emily's channel,Billed Revenue,0.0
2024-04-01,Emily's channel,Monthly WIN - MRC,0.0
2024-04-01,Emily's channel,Monthly WIN - TCV,0.0
2024-04-01,Emily's channel,Order in Progress - MRC,0.0
2024-04-01,IPA,Billed Revenue,12422187.78
2024-04-01,IPA,Monthly WIN - MRC,0.0
2024-04-01,IPA,Monthly WIN - TCV,0.0
2024-04-01,IPA,Order in Progress - MRC,61369.0
2024-04-01,MNC,Billed Revenue,10124962.0
2024-04-01,MNC,Monthly WIN - MRC,131850.83
2024-04-01,MNC,Monthly WIN - TCV,2144822.2
2024-04-01,MNC,Order in Progress - MRC,188668.83
2024-04-01,Maggie's team,Billed Revenue,2582020.21
2024-04-01,Maggie's team,Monthly WIN - MRC,58479.0
2024-04-01,Maggie's team,Monthly WIN - TCV,853028.0
2024-04-01,Maggie's team,Order in Progress - MRC,30103.0
2024-04-01,Sherry's team,Billed Revenue,1491613.91
2024-04-01,Sherry's team,Monthly WIN - MRC,42246.03
2024-04-01,Sherry's team,Monthly WIN - TCV,14832006.36
2024-04-01,Sherry's team,Order in Progress - MRC,32174.03
2024-04-01,Zscaler,Billed Revenue,0.0
2024-04-01,Zscaler,Monthly WIN - MRC,0.0
2024-04-01,Zscaler,Monthly WIN - TCV,0.0
2024-04-01,Zscaler,Order in Progress - MRC,0.0
2024-05-01,AT&T,Billed Revenue,0.0
2024-05-01,AT&T,Monthly WIN - MRC,0.0
2024-05-01,AT&T,Monthly WIN - TCV,0.0
2024-05-01,AT&T,Order in Progress - MRC,0.0
2024-05-01,Emily's channel,Billed Revenue,0.0
2024-05-01,Emily's channel,Monthly WIN - MRC,0.0
2024-05-01,Emily's channel,Monthly WIN - TCV,0.0
2024-05-01,Emily's channel,Order in Progress - MRC,0.0
2024-05-01,IPA,Billed Revenue,12199321.89
2024-05-01,IPA,Monthly WIN - MRC,42630.0
2024-05-01,IPA,Monthly WIN - TCV,535570.0
2024-05-01,IPA,Order in Progress - MRC,52094.0
2024-05-01,MNC,Billed Revenue,8440656.0
2024-05-01,MNC,Monthly WIN - MRC,43199.0
2024-05-01,MNC,Monthly WIN - TCV,905426.0
2024-05-01,MNC,Order in Progress - MRC,209952.0
2024-05-01,Maggie's team,Billed Revenue,4856713.0
2024-05-01,Maggie's team,Monthly WIN - MRC,152520.0
2024-05-01,Maggie's team,Monthly WIN - TCV,4991400.0
2024-05-01,Maggie's team,Order in Progress - MRC,158419.0
2024-05-01,Sherry's team,Billed Revenue,3186941.0
2024-05-01,Sherry's team,Monthly WIN - MRC,15831.0
2024-05-01,Sherry's team,Monthly WIN - TCV,1030372.0
2024-05-01,Sherry's team,Order in Progress - MRC,13235.0
2024-05-01,Zscaler,Billed Revenue,0.0
2024-05-01,Zscaler,Monthly WIN - MRC,0.0
2024-05-01,Zscaler,Monthly WIN - TCV,0.0
2024-05-01,Zscaler,Order in Progress - MRC,0.0
2024-06-01,AT&T,Billed Revenue,0.0
2024-06-01,AT&T,Monthly WIN - MRC,0.0
2024-06-01,AT&T,Monthly WIN - TCV,0.0
2024-06-01,AT&T,Order in Progress - MRC,0.0
2024-06-01,Emily's channel,Billed Revenue,0.0
2024-06-01,Emily's channel,Monthly WIN - MRC,0.0
2024-06-01,Emily's channel,Monthly WIN - TCV,0.0
2024-06-01,Emily's channel,Order in Progress - MRC,0.0
2024-06-01,IPA,Billed Revenue,11994710.1
2024-06-01,IPA,Monthly WIN - MRC,114478.0
2024-06-01,IPA,Monthly WIN - TCV,1802934.0
2024-06-01,IPA,Order in Progress - MRC,143479.0
2024-06-01,MNC,Billed Revenue,7434685.91
2024-06-01,MNC,Monthly WIN - MRC,232452.94
2024-06-01,MNC,Monthly WIN - TCV,6815783.4
2024-06-01,MNC,Order in Progress - MRC,208419.54
2024-06-01,Maggie's team,Billed Revenue,318338.42
2024-06-01,Maggie's team,Monthly WIN - MRC,41243.5
2024-06-01,Maggie's team,Monthly WIN - TCV,775164.5
2024-06-01,Maggie's team,Order in Progress - MRC,78102.0
2024-06-01,Sherry's team,Billed Revenue,3988074.99
2024-06-01,Sherry's team,Monthly WIN - MRC,382863.32
2024-06-01,Sherry's team,Monthly WIN - TCV,6325757.68
2024-06-01,Sherry's team,Order in Progress - MRC,449804.37
2024-06-01,Zscaler,Billed Revenue,0.0
2024-06-01,Zscaler,Monthly WIN - MRC,0.0
2024-06-01,Zscaler,Monthly WIN - TCV,0.0
2024-06-01,Zscaler,Order in Progress - MRC,0.0
2024-07-01,AT&T,Billed Revenue,0.0
2024-07-01,AT&T,Monthly WIN - MRC,0.0
2024-07-01,AT&T,Monthly WIN - TCV,0.0
2024-07-01,AT&T,Order in Progress - MRC,0.0
2024-07-01,Emily's channel,Billed Revenue,0.0
2024-07-01,Emily's channel,Monthly WIN - MRC,0.0
2024-07-01,Emily's channel,Monthly WIN - TCV,0.0
2024-07-01,Emily's channel,Order in Progress - MRC,0.0
2024-07-01,IPA,Billed Revenue,11841866.1
2024-07-01,IPA,Monthly WIN - MRC,171689.0
2024-07-01,IPA,Monthly WIN - TCV,4284980.0
2024-07-01,IPA,Order in Progress - MRC,203308.0
2024-07-01,MNC,Billed Revenue,7481144.57
2024-07-01,MNC,Monthly WIN - MRC,240270.09
2024-07-01,MNC,Monthly WIN - TCV,6100279.54
2024-07-01,MNC,Order in Progress - MRC,227131.09
2024-07-01,Maggie's team,Billed Revenue,2677386.81
2024-07-01,Maggie's team,Monthly WIN - MRC,247995.0
2024-07-01,Maggie's team,Monthly WIN - TCV,3194820.0
2024-07-01,Maggie's team,Order in Progress - MRC,247995.0
2024-07-01,Sherry's team,Billed Revenue,4019782.72
2024-07-01,Sherry's team,Monthly WIN - MRC,115974.33
2024-07-01,Sherry's team,Monthly WIN - TCV,3197191.96
2024-07-01,Sherry's team,Order in Progress - MRC,71611.0
2024-07-01,Zscaler,Billed Revenue,0.0
2024-07-01,Zscaler,Monthly WIN - MRC,0.0
2024-07-01,Zscaler,Monthly WIN - TCV,0.0
2024-07-01,Zscaler,Order in Progress - MRC,0.0
2024-08-01,AT&T,Billed Revenue,0.0
2024-08-01,AT&T,Monthly WIN - MRC,0.0
2024-08-01,AT&T,Monthly WIN - TCV,0.0
2024-08-01,AT&T,Order in Progress - MRC,0.0
2024-08-01,Emily's channel,Billed Revenue,0.0
2024-08-01,Emily's channel,Monthly WIN - MRC,0.0
2024-08-01,Emily's channel,Monthly WIN - TCV,0.0
2024-08-01,Emily's channel,Order in Progress - MRC,0.0
2024-08-01,IPA,Billed Revenue,11067134.12
2024-08-01,IPA,Monthly WIN - MRC,33495.0
2024-08-01,IPA,Monthly WIN - TCV,429947.0
2024-08-01,IPA,Order in Progress - MRC,13788.0
2024-08-01,MNC,Billed Revenue,6459434.75
2024-08-01,MNC,Monthly WIN - MRC,164771.94
2024-08-01,MNC,Monthly WIN - TCV,2345774.94
2024-08-01,MNC,Order in Progress - MRC,178498.0
2024-08-01,Maggie's team,Billed Revenue,2782090.72
2024-08-01,Maggie's team,Monthly WIN - MRC,199144.0
2024-08-01,Maggie's team,Monthly WIN - TCV,2692214.0
2024-08-01,Maggie's team,Order in Progress - MRC,249495.0
2024-08-01,Sherry's team,Billed Revenue,2518867.34
2024-08-01,Sherry's team,Monthly WIN - MRC,31595.0
2024-08-01,Sherry's team,Monthly WIN - TCV,496320.0
2024-08-01,Sherry's team,Order in Progress - MRC,24655.0
2024-08-01,Zscaler,Billed Revenue,0.0
2024-08-01,Zscaler,Monthly WIN - MRC,0.0
2024-08-01,Zscaler,Monthly WIN - TCV,0.0
2024-08-01,Zscaler,Order in Progress - MRC,0.0
2024-09-01,AT&T,Billed Revenue,0.0
2024-09-01,AT&T,Monthly WIN - MRC,0.0
2024-09-01,AT&T,Monthly WIN - TCV,0.0
2024-09-01,AT&T,Order in Progress - MRC,0.0
2024-09-01,Emily's channel,Billed Revenue,0.0
2024-09-01,Emily's channel,Monthly WIN - MRC,0.0
2024-09-01,Emily's channel,Monthly WIN - TCV,0.0
2024-09-01,Emily's channel,Order in Progress - MRC,0.0
2024-09-01,IPA,Billed Revenue,0.0
2024-09-01,IPA,Monthly WIN - MRC,0.0
2024-09-01,IPA,Monthly WIN - TCV,0.0
2024-09-01,IPA,Order in Progress - MRC,0.0
2024-09-01,MNC,Billed Revenue,7268731.0
2024-09-01,MNC,Monthly WIN - MRC,0.0
2024-09-01,MNC,Monthly WIN - TCV,0.0
2024-09-01,MNC,Order in Progress - MRC,0.0
2024-09-01,Maggie's team,Billed Revenue,0.0
2024-09-01,Maggie's team,Monthly WIN - MRC,0.0
2024-09-01,Maggie's team,Monthly WIN - TCV,0.0
2024-09-01,Maggie's team,Order in Progress - MRC,0.0
2024-09-01,Sherry's team,Billed Revenue,0.0
2024-09-01,Sherry's team,Monthly WIN - MRC,0.0
2024-09-01,Sherry's team,Monthly WIN - TCV,0.0
2024-09-01,Sherry's team,Order in Progress - MRC,0.0
2024-09-01,Zscaler,Billed Revenue,0.0
2024-09-01,Zscaler,Monthly WIN - MRC,0.0
2024-09-01,Zscaler,Monthly WIN - TCV,0.0
2024-09-01,Zscaler,Order in Progress - MRC,0.0
2024-10-01,AT&T,Billed Revenue,0.0
2024-10-01,AT&T,Monthly WIN - MRC,0.0
2024-10-01,AT&T,Monthly WIN - TCV,0.0
2024-10-01,AT&T,Order in Progress - MRC,0.0
2024-10-01,Emily's channel,Billed Revenue,0.0
2024-10-01,Emily's channel,Monthly WIN - MRC,0.0
2024-10-01,Emily's channel,Monthly WIN - TCV,0.0
2024-10-01,Emily's channel,Order in Progress - MRC,0.0
2024-10-01,IPA,Billed Revenue,123105552.5
2024-10-01,IPA,Monthly WIN - MRC,76149.0
2024-10-01,IPA,Monthly WIN - TCV,956343.0
2024-10-01,IPA,Order in Progress - MRC,37520.0
2024-10-01,MNC,Billed Revenue,8157546.0
2024-10-01,MNC,Monthly WIN - MRC,159385.0
2024-10-01,MNC,Monthly WIN - TCV,2813236.0
2024-10-01,MNC,Order in Progress - MRC,87106.0
2024-10-01,Maggie's team,Billed Revenue,26583402.15
2024-10-01,Maggie's team,Monthly WIN - MRC,288128.0
2024-10-01,Maggie's team,Monthly WIN - TCV,3514436.0
2024-10-01,Maggie's team,Order in Progress - MRC,853575.0
2024-10-01,Sherry's team,Billed Revenue,28897736.97
2024-10-01,Sherry's team,Monthly WIN - MRC,506615.0
2024-10-01,Sherry's team,Monthly WIN - TCV,4122882.0
2024-10-01,Sherry's team,Order in Progress - MRC,70389.0
2024-10-01,Zscaler,Billed Revenue,0.0
2024-10-01,Zscaler,Monthly WIN - MRC,0.0
2024-10-01,Zscaler,Monthly WIN - TCV,0.0
2024-10-01,Zscaler,Order in Progress - MRC,0.0
2024-11-01,AT&T,Billed Revenue,0.0
2024-11-01,AT&T,Monthly WIN - MRC,0.0
2024-11-01,AT&T,Monthly WIN - TCV,0.0
2024-11-01,AT&T,Order in Progress - MRC,0.0
2024-11-01,Emily's channel,Billed Revenue,0.0
2024-11-01,Emily's channel,Monthly WIN - MRC,0.0
2024-11-01,Emily's channel,Monthly WIN - TCV,0.0
2024-11-01,Emily's channel,Order in Progress - MRC,0.0
2024-11-01,IPA,Billed Revenue,123105552.5
2024-11-01,IPA,Monthly WIN - MRC,76149.0
2024-11-01,IPA,Monthly WIN - TCV,956343.0
2024-11-01,IPA,Order in Progress - MRC,37520.0
2024-11-01,MNC,Billed Revenue,9021909.0
2024-11-01,MNC,Monthly WIN - MRC,159385.0
2024-11-01,MNC,Monthly WIN - TCV,2813236.0
2024-11-01,MNC,Order in Progress - MRC,87106.0
2024-11-01,Maggie's team,Billed Revenue,26583402.15
2024-11-01,Maggie's team,Monthly WIN - MRC,288128.0
2024-11-01,Maggie's team,Monthly WIN - TCV,3514436.0
2024-11-01,Maggie's team,Order in Progress - MRC,853575.0
2024-11-01,Sherry's team,Billed Revenue,28897736.97
2024-11-01,Sherry's team,Monthly WIN - MRC,50665.0
2024-11-01,Sherry's team,Monthly WIN - TCV,4122882.0
2024-11-01,Sherry's team,Order in Progress - MRC,70389.0
2024-11-01,Zscaler,Billed Revenue,0.0
2024-11-01,Zscaler,Monthly WIN - MRC,0.0
2024-11-01,Zscaler,Monthly WIN - TCV,0.0
2024-11-01,Zscaler,Order in Progress - MRC,0.0
2024-12-01,AT&T,Billed Revenue,0.0
2024-12-01,AT&T,Monthly WIN - MRC,0.0
2024-12-01,AT&T,Monthly WIN - TCV,0.0
2024-12-01,AT&T,Order in Progress - MRC,0.0
2024-12-01,Emily's channel,Billed Revenue,0.0
2024-12-01,Emily's channel,Monthly WIN - MRC,0.0
2024-12-01,Emily's channel,Monthly WIN - TCV,0.0
2024-12-01,Emily's channel,Order in Progress - MRC,0.0
2024-12-01,IPA,Billed Revenue,0.0
2024-12-01,IPA,Monthly WIN - MRC,0.0
2024-12-01,IPA,Monthly WIN - TCV,0.0
2024-12-01,IPA,Order in Progress - MRC,0.0
2024-12-01,MNC,Billed Revenue,7720244.0
2024-12-01,MNC,Monthly WIN - MRC,0.0
2024-12-01,MNC,Monthly WIN - TCV,0.0
2024-12-01,MNC,Order in Progress - MRC,0.0
2024-12-01,Maggie's team,Billed Revenue,0.0
2024-12-01,Maggie's team,Monthly WIN - MRC,0.0
2024-12-01,Maggie's team,Monthly WIN - TCV,0.0
2024-12-01,Maggie's team,Order in Progress - MRC,0.0
2024-12-01,Sherry's team,Billed Revenue,0.0
2024-12-01,Sherry's team,Monthly WIN - MRC,0.0
2024-12-01,Sherry's team,Monthly WIN - TCV,0.0
2024-12-01,Sherry's team,Order in Progress - MRC,0.0
2024-12-01,Zscaler,Billed Revenue,0.0
2024-12-01,Zscaler,Monthly WIN - MRC,0.0
2024-12-01,Zscaler,Monthly WIN - TCV,0.0
2024-12-01,Zscaler,Order in Progress - MRC,0.0
2025-01-01,AT&T,Billed Revenue,0.0
2025-01-01,AT&T,Monthly WIN - MRC,0.0
2025-01-01,AT&T,Monthly WIN - TCV,0.0
2025-01-01,AT&T,Order in Progress - MRC,0.0
2025-01-01,Emily's channel,Billed Revenue,0.0
2025-01-01,Emily's channel,Monthly WIN - MRC,0.0
2025-01-01,Emily's channel,Monthly WIN - TCV,0.0
2025-01-01,Emily's channel,Order in Progress - MRC,0.0
2025-01-01,IPA,Billed Revenue,0.0
2025-01-01,IPA,Monthly WIN - MRC,0.0
2025-01-01,IPA,Monthly WIN - TCV,0.0
2025-01-01,IPA,Order in Progress - MRC,0.0
2025-01-01,MNC,Billed Revenue,7426814.6099999985
2025-01-01,MNC,Monthly WIN - MRC,0.0
2025-01-01,MNC,Monthly WIN - TCV,0.0
2025-01-01,MNC,Order in Progress - MRC,0.0
2025-01-01,Maggie's team,Billed Revenue,0.0
2025-01-01,Maggie's team,Monthly WIN - MRC,0.0
2025-01-01,Maggie's team,Monthly WIN - TCV,0.0
2025-01-01,Maggie's team,Order in Progress - MRC,0.0
2025-01-01,Sherry's team,Billed Revenue,0.0
2025-01-01,Sherry's team,Monthly WIN - MRC,0.0
2025-01-01,Sherry's team,Monthly WIN - TCV,0.0
2025-01-01,Sherry's team,Order in Progress - MRC,0.0
2025-01-01,Zscaler,Billed Revenue,0.0
2025-01-01,Zscaler,Monthly WIN - MRC,0.0
2025-01-01,Zscaler,Monthly WIN - TCV,0.0
2025-01-01,Zscaler,Order in Progress - MRC,0.0
2025-02-01,AT&T,Billed Revenue,0.0
2025-02-01,AT&T,Monthly WIN - MRC,0.0
2025-02-01,AT&T,Monthly WIN - TCV,0.0
2025-02-01,AT&T,Order in Progress - MRC,0.0
2025-02-01,Emily's channel,Billed Revenue,0.0
2025-02-01,Emily's channel,Monthly WIN - MRC,0.0
2025-02-01,Emily's channel,Monthly WIN - TCV,0.0
2025-02-01,Emily's channel,Order in Progress - MRC,0.0
2025-02-01,IPA,Billed Revenue,0.0
2025-02-01,IPA,Monthly WIN - MRC,0.0
2025-02-01,IPA,Monthly WIN - TCV,0.0
2025-02-01,IPA,Order in Progress - MRC,0.0
2025-02-01,MNC,Billed Revenue,7484559.629999997
2025-02-01,MNC,Monthly WIN - MRC,0.0
2025-02-01,MNC,Monthly WIN - TCV,0.0
2025-02-01,MNC,Order in Progress - MRC,0.0
2025-02-01,Maggie's team,Billed Revenue,0.0
2025-02-01,Maggie's team,Monthly WIN - MRC,0.0
2025-02-01,Maggie's team,Monthly WIN - TCV,0.0
2025-02-01,Maggie's team,Order in Progress - MRC,0.0
2025-02-01,Sherry's team,Billed Revenue,0.0
2025-02-01,Sherry's team,Monthly WIN - MRC,0.0
2025-02-01,Sherry's team,Monthly WIN - TCV,0.0
2025-02-01,Sherry's team,Order in Progress - MRC,0.0
2025-02-01,Zscaler,Billed Revenue,0.0
2025-02-01,Zscaler,Monthly WIN - MRC,0.0
2025-02-01,Zscaler,Monthly WIN - TCV,0.0
2025-02-01,Zscaler,Order in Progress - MRC,0.0
2025-03-01,AT&T,Billed Revenue,0.0
2025-03-01,AT&T,Monthly WIN - MRC,0.0
2025-03-01,AT&T,Monthly WIN - TCV,0.0
2025-03-01,AT&T,Order in Progress - MRC,0.0
2025-03-01,Emily's channel,Billed Revenue,0.0
2025-03-01,Emily's channel,Monthly WIN - MRC,0.0
2025-03-01,Emily's channel,Monthly WIN - TCV,0.0
2025-03-01,Emily's channel,Order in Progress - MRC,0.0
2025-03-01,IPA,Billed Revenue,0.0
2025-03-01,IPA,Monthly WIN - MRC,0.0
2025-03-01,IPA,Monthly WIN - TCV,0.0
2025-03-01,IPA,Order in Progress - MRC,0.0
2025-03-01,MNC,Billed Revenue,7292469.8555999985
2025-03-01,MNC,Monthly WIN - MRC,0.0
2025-03-01,MNC,Monthly WIN - TCV,0.0
2025-03-01,MNC,Order in Progress - MRC,0.0
2025-03-01,Maggie's team,Billed Revenue,0.0
2025-03-01,Maggie's team,Monthly WIN - MRC,0.0
2025-03-01,Maggie's team,Monthly WIN - TCV,0.0
2025-03-01,Maggie's team,Order in Progress - MRC,0.0
2025-03-01,Sherry's team,Billed Revenue,0.0
2025-03-01,Sherry's team,Monthly WIN - MRC,0.0
2025-03-01,Sherry's team,Monthly WIN - TCV,0.0
2025-03-01,Sherry's team,Order in Progress - MRC,0.0
2025-03-01,Zscaler,Billed Revenue,0.0
2025-03-01,Zscaler,Monthly WIN - MRC,0.0
2025-03-01,Zscaler,Monthly WIN - TCV,0.0
2025-03-01,Zscaler,Order in Progress - MRC,0.0
2025-04-01,AT&T,Billed Revenue,0.0
2025-04-01,AT&T,Monthly WIN - MRC,0.0
2025-04-01,AT&T,Monthly WIN - TCV,0.0
2025-04-01,AT&T,Order in Progress - MRC,0.0
2025-04-01,Emily's channel,Billed Revenue,0.0
2025-04-01,Emily's channel,Monthly WIN - MRC,0.0
2025-04-01,Emily's channel,Monthly WIN - TCV,0.0
2025-04-01,Emily's channel,Order in Progress - MRC,0.0
2025-04-01,IPA,Billed Revenue,0.0
2025-04-01,IPA,Monthly WIN - MRC,0.0
2025-04-01,IPA,Monthly WIN - TCV,0.0
2025-04-01,IPA,Order in Progress - MRC,0.0
2025-04-01,MNC,Billed Revenue,7610451.508999999
2025-04-01,MNC,Monthly WIN - MRC,0.0
2025-04-01,MNC,Monthly WIN - TCV,0.0
2025-04-01,MNC,Order in Progress - MRC,0.0
2025-04-01,Maggie's team,Billed Revenue,0.0
2025-04-01,Maggie's team,Monthly WIN - MRC,0.0
2025-04-01,Maggie's team,Monthly WIN - TCV,0.0
2025-04-01,Maggie's team,Order in Progress - MRC,0.0
2025-04-01,Sherry's team,Billed Revenue,0.0
2025-04-01,Sherry's team,Monthly WIN - MRC,0.0
2025-04-01,Sherry's team,Monthly WIN - TCV,0.0
2025-04-01,Sherry's team,Order in Progress - MRC,0.0
2025-04-01,Zscaler,Billed Revenue,0.0
2025-04-01,Zscaler,Monthly WIN - MRC,0.0
2025-04-01,Zscaler,Monthly WIN - TCV,0.0
2025-04-01,Zscaler,Order in Progress - MRC,0.0
2025-05-01,AT&T,Billed Revenue,1141618.25
2025-05-01,AT&T,Monthly WIN - MRC,108061.59
2025-05-01,AT&T,Monthly WIN - TCV,1307239.08
2025-05-01,AT&T,Order in Progress - MRC,108061.59
2025-05-01,Emily's channel,Billed Revenue,645435.11
2025-05-01,Emily's channel,Monthly WIN - MRC,14784.0
2025-05-01,Emily's channel,Monthly WIN - TCV,177408.0
2025-05-01,Emily's channel,Order in Progress - MRC,1692.0
2025-05-01,IPA,Billed Revenue,9731058.02
2025-05-01,IPA,Monthly WIN - MRC,24227.0
2025-05-01,IPA,Monthly WIN - TCV,474929.0
2025-05-01,IPA,Order in Progress - MRC,24227.0
2025-05-01,MNC,Billed Revenue,7551071.2
2025-05-01,MNC,Monthly WIN - MRC,484700.52
2025-05-01,MNC,Monthly WIN - TCV,669578.52
2025-05-01,MNC,Order in Progress - MRC,42917.52
2025-05-01,Maggie's team,Billed Revenue,2915176.4
2025-05-01,Maggie's team,Monthly WIN - MRC,52320.0
2025-05-01,Maggie's team,Monthly WIN - TCV,637640.0
2025-05-01,Maggie's team,Order in Progress - MRC,52320.0
2025-05-01,Sherry's team,Billed Revenue,1279022.42
2025-05-01,Sherry's team,Monthly WIN - MRC,198475.9
2025-05-01,Sherry's team,Monthly WIN - TCV,2141730.8
2025-05-01,Sherry's team,Order in Progress - MRC,69693.0
2025-05-01,Zscaler,Billed Revenue,8156886.71
2025-05-01,Zscaler,Monthly WIN - MRC,3687756.38
2025-05-01,Zscaler,Monthly WIN - TCV,56153889.4
2025-05-01,Zscaler,Order in Progress - MRC,3506712.58
2025-06-01,AT&T,Billed Revenue,1159461.04
2025-06-01,AT&T,Monthly WIN - MRC,0.0
2025-06-01,AT&T,Monthly WIN - TCV,0.0
2025-06-01,AT&T,Order in Progress - MRC,0.0
2025-06-01,Emily's channel,Billed Revenue,655788.01
2025-06-01,Emily's channel,Monthly WIN - MRC,984.0
2025-06-01,Emily's channel,Monthly WIN - TCV,2870.0
2025-06-01,Emily's channel,Order in Progress - MRC,2870.0
2025-06-01,IPA,Billed Revenue,11450889.28
2025-06-01,IPA,Monthly WIN - MRC,55008.0
2025-06-01,IPA,Monthly WIN - TCV,1462674.0
2025-06-01,IPA,Order in Progress - MRC,55008.0
2025-06-01,MNC,Billed Revenue,7401845.57
2025-06-01,MNC,Monthly WIN - MRC,65309.0
2025-06-01,MNC,Monthly WIN - TCV,3382505.99
2025-06-01,MNC,Order in Progress - MRC,63479.0
2025-06-01,Maggie's team,Billed Revenue,2767296.57
2025-06-01,Maggie's team,Monthly WIN - MRC,113838.0
2025-06-01,Maggie's team,Monthly WIN - TCV,1420438.0
2025-06-01,Maggie's team,Order in Progress - MRC,109353.0
2025-06-01,Sherry's team,Billed Revenue,1340499.89
2025-06-01,Sherry's team,Monthly WIN - MRC,36453.0
2025-06-01,Sherry's team,Monthly WIN - TCV,575181.0
2025-06-01,Sherry's team,Order in Progress - MRC,5280.0
2025-06-01,Zscaler,Billed Revenue,9022518.68
2025-06-01,Zscaler,Monthly WIN - MRC,519746.5
2025-06-01,Zscaler,Monthly WIN - TCV,3411095.8
2025-06-01,Zscaler,Order in Progress - MRC,519746.5
2025-07-01,AT&T,Billed Revenue,1250715.33
2025-07-01,AT&T,Monthly WIN - MRC,11144.0
2025-07-01,AT&T,Monthly WIN - TCV,137928.0
2025-07-01,AT&T,Order in Progress - MRC,0.0
2025-07-01,Emily's channel,Billed Revenue,658679.55
2025-07-01,Emily's channel,Monthly WIN - MRC,1353.6
2025-07-01,Emily's channel,Monthly WIN - TCV,16243.2
2025-07-01,Emily's channel,Order in Progress - MRC,0.0
2025-07-01,IPA,Billed Revenue,11533935.28
2025-07-01,IPA,Monthly WIN - MRC,91466.14
2025-07-01,IPA,Monthly WIN - TCV,1291218.82
2025-07-01,IPA,Order in Progress - MRC,77399.14
2025-07-01,MNC,Billed Revenue,7841388.05
2025-07-01,MNC,Monthly WIN - MRC,167578.5
2025-07-01,MNC,Monthly WIN - TCV,3057034.0
2025-07-01,MNC,Order in Progress - MRC,149450.0
2025-07-01,Maggie's team,Billed Revenue,2969388.14
2025-07-01,Maggie's team,Monthly WIN - MRC,187755.0
2025-07-01,Maggie's team,Monthly WIN - TCV,5008360.0
2025-07-01,Maggie's team,Order in Progress - MRC,187307.0
2025-07-01,Sherry's team,Billed Revenue,1761111.7
2025-07-01,Sherry's team,Monthly WIN - MRC,36954.0
2025-07-01,Sherry's team,Monthly WIN - TCV,875872.0
2025-07-01,Sherry's team,Order in Progress - MRC,24734.0
2025-07-01,Zscaler,Billed Revenue,8756952.4
2025-07-01,Zscaler,Monthly WIN - MRC,209206.55
2025-07-01,Zscaler,Monthly WIN - TCV,4022782.75
2025-07-01,Zscaler,Order in Progress - MRC,185978.1
2025-08-01,AT&T,Billed Revenue,1356492.77
2025-08-01,AT&T,Monthly WIN - MRC,22410.56
2025-08-01,AT&T,Monthly WIN - TCV,510701.16
2025-08-01,AT&T,Order in Progress - MRC,22410.56
2025-08-01,Emily's channel,Billed Revenue,653324.07
2025-08-01,Emily's channel,Monthly WIN - MRC,0.0
2025-08-01,Emily's channel,Monthly WIN - TCV,0.0
2025-08-01,Emily's channel,Order in Progress - MRC,0.0
2025-08-01,IPA,Billed Revenue,9588056.73
2025-08-01,IPA,Monthly WIN - MRC,37541.0
2025-08-01,IPA,Monthly WIN - TCV,736541.0
2025-08-01,IPA,Order in Progress - MRC,20132.0
2025-08-01,MNC,Billed Revenue,7747873.93
2025-08-01,MNC,Monthly WIN - MRC,108356.66
2025-08-01,MNC,Monthly WIN - TCV,1402940.88
2025-08-01,MNC,Order in Progress - MRC,106786.06
2025-08-01,Maggie's team,Billed Revenue,2950951.21
2025-08-01,Maggie's team,Monthly WIN - MRC,145527.0
2025-08-01,Maggie's team,Monthly WIN - TCV,2447796.0
2025-08-01,Maggie's team,Order in Progress - MRC,145527.0
2025-08-01,Sherry's team,Billed Revenue,2601891.65
2025-08-01,Sherry's team,Monthly WIN - MRC,3760.0
2025-08-01,Sherry's team,Monthly WIN - TCV,45911.0
2025-08-01,Sherry's team,Order in Progress - MRC,3760.0
2025-08-01,Zscaler,Billed Revenue,8282305.78
2025-08-01,Zscaler,Monthly WIN - MRC,24675.0
2025-08-01,Zscaler,Monthly WIN - TCV,303310.56
2025-08-01,Zscaler,Order in Progress - MRC,24675.0
2025-09-01,AT&T,Billed Revenue,1271213.08
2025-09-01,AT&T,Monthly WIN - MRC,9114.0
2025-09-01,AT&T,Monthly WIN - TCV,113568.0
2025-09-01,AT&T,Order in Progress - MRC,0.0
2025-09-01,Emily's channel,Billed Revenue,653245.55
2025-09-01,Emily's channel,Monthly WIN - MRC,20891.0
2025-09-01,Emily's channel,Monthly WIN - TCV,477100.0
2025-09-01,Emily's channel,Order in Progress - MRC,20891.0
2025-09-01,IPA,Billed Revenue,9005073.35
2025-09-01,IPA,Monthly WIN - MRC,287470.5
2025-09-01,IPA,Monthly WIN - TCV,3542436.5
2025-09-01,IPA,Order in Progress - MRC,271934.0
2025-09-01,MNC,Billed Revenue,7653628.25
2025-09-01,MNC,Monthly WIN - MRC,351326.18
2025-09-01,MNC,Monthly WIN - TCV,10775310.18
2025-09-01,MNC,Order in Progress - MRC,323515.42
2025-09-01,Maggie's team,Billed Revenue,3047934.31
2025-09-01,Maggie's team,Monthly WIN - MRC,27353.0
2025-09-01,Maggie's team,Monthly WIN - TCV,336536.0
2025-09-01,Maggie's team,Order in Progress - MRC,18230.0
2025-09-01,Sherry's team,Billed Revenue,1391894.31
2025-09-01,Sherry's team,Monthly WIN - MRC,151269.3
2025-09-01,Sherry's team,Monthly WIN - TCV,1924456.79
2025-09-01,Sherry's team,Order in Progress - MRC,19939.3
2025-09-01,Zscaler,Billed Revenue,9408366.66
2025-09-01,Zscaler,Monthly WIN - MRC,68592.44
2025-09-01,Zscaler,Monthly WIN - TCV,21023.94
2025-09-01,Zscaler,Order in Progress - MRC,13419.0
2025-10-01,AT&T,Billed Revenue,1311821.63
2025-10-01,AT&T,Monthly WIN - MRC,0.0
2025-10-01,AT&T,Monthly WIN - TCV,0.0
2025-10-01,AT&T,Order in Progress - MRC,0.0
2025-10-01,Emily's channel,Billed Revenue,713539.49
2025-10-01,Emily's channel,Monthly WIN - MRC,19576.85
2025-10-01,Emily's channel,Monthly WIN - TCV,391926.6
2025-10-01,Emily's channel,Order in Progress - MRC,10791.85
2025-10-01,IPA,Billed Revenue,9015195.09
2025-10-01,IPA,Monthly WIN - MRC,62895.0
2025-10-01,IPA,Monthly WIN - TCV,1235038.0
2025-10-01,IPA,Order in Progress - MRC,62895.0
2025-10-01,MNC,Billed Revenue,8728082.84
2025-10-01,MNC,Monthly WIN - MRC,32305.72
2025-10-01,MNC,Monthly WIN - TCV,1031489.12
2025-10-01,MNC,Order in Progress - MRC,30005.72
2025-10-01,Maggie's team,Billed Revenue,3179158.59
2025-10-01,Maggie's team,Monthly WIN - MRC,47081.0
2025-10-01,Maggie's team,Monthly WIN - TCV,578492.0
2025-10-01,Maggie's team,Order in Progress - MRC,47081.0
2025-10-01,Sherry's team,Billed Revenue,2149688.53
2025-10-01,Sherry's team,Monthly WIN - MRC,37048.0
2025-10-01,Sherry's team,Monthly WIN - TCV,662424.0
2025-10-01,Sherry's team,Order in Progress - MRC,22570.0
2025-10-01,Zscaler,Billed Revenue,9411374.35
2025-10-01,Zscaler,Monthly WIN - MRC,29852.2
2025-10-01,Zscaler,Monthly WIN - TCV,411007.52
2025-10-01,Zscaler,Order in Progress - MRC,20301.4
2025-11-01,AT&T,Billed Revenue,1290502.43
2025-11-01,AT&T,Monthly WIN - MRC,114030.0
2025-11-01,AT&T,Monthly WIN - TCV,1445850.0
2025-11-01,AT&T,Order in Progress - MRC,114030.0
2025-11-01,Emily's channel,Billed Revenue,562353.62
2025-11-01,Emily's channel,Monthly WIN - MRC,73427.76
2025-11-01,Emily's channel,Monthly WIN - TCV,1975485.12
2025-11-01,Emily's channel,Order in Progress - MRC,73427.76
2025-11-01,IPA,Billed Revenue,9199642.86
2025-11-01,IPA,Monthly WIN - MRC,12082.0
2025-11-01,IPA,Monthly WIN - TCV,283794.0
2025-11-01,IPA,Order in Progress - MRC,12082.0
2025-11-01,MNC,Billed Revenue,7385534.03
2025-11-01,MNC,Monthly WIN - MRC,71399.84
2025-11-01,MNC,Monthly WIN - TCV,1044437.61
2025-11-01,MNC,Order in Progress - MRC,0.0
2025-11-01,Maggie's team,Billed Revenue,3156600.15
2025-11-01,Maggie's team,Monthly WIN - MRC,201031.0
2025-11-01,Maggie's team,Monthly WIN - TCV,2434172.0
2025-11-01,Maggie's team,Order in Progress - MRC,189000.0
2025-11-01,Sherry's team,Billed Revenue,1283091.44
2025-11-01,Sherry's team,Monthly WIN - MRC,0.0
2025-11-01,Sherry's team,Monthly WIN - TCV,0.0
2025-11-01,Sherry's team,Order in Progress - MRC,0.0
2025-11-01,Zscaler,Billed Revenue,9317711.83
2025-11-01,Zscaler,Monthly WIN - MRC,257221.3
2025-11-01,Zscaler,Monthly WIN - TCV,3088010.8
2025-11-01,Zscaler,Order in Progress - MRC,153635.3
2025-12-01,AT&T,Billed Revenue,1306833.05
2025-12-01,AT&T,Monthly WIN - MRC,38333.0
2025-12-01,AT&T,Monthly WIN - TCV,473846.0
2025-12-01,AT&T,Order in Progress - MRC,38333.0
2025-12-01,Emily's channel,Billed Revenue,685610.59
2025-12-01,Emily's channel,Monthly WIN - MRC,29376.2
2025-12-01,Emily's channel,Monthly WIN - TCV,952803.6
2025-12-01,Emily's channel,Order in Progress - MRC,25012.05
2025-12-01,IPA,Billed Revenue,9209371.83
2025-12-01,IPA,Monthly WIN - MRC,53106.0
2025-12-01,IPA,Monthly WIN - TCV,817100.0
2025-12-01,IPA,Order in Progress - MRC,39487.0
2025-12-01,MNC,Billed Revenue,7099949.02
2025-12-01,MNC,Monthly WIN - MRC,145073.2
2025-12-01,MNC,Monthly WIN - TCV,2566305.4
2025-12-01,MNC,Order in Progress - MRC,112336.2
2025-12-01,Maggie's team,Billed Revenue,3299517.05
2025-12-01,Maggie's team,Monthly WIN - MRC,157123.19
2025-12-01,Maggie's team,Monthly WIN - TCV,2930174.8
2025-12-01,Maggie's team,Order in Progress - MRC,138873.19
2025-12-01,Sherry's team,Billed Revenue,3247850.55
2025-12-01,Sherry's team,Monthly WIN - MRC,267226.77
2025-12-01,Sherry's team,Monthly WIN - TCV,3207701.24
2025-12-01,Sherry's team,Order in Progress - MRC,255334.1
2025-12-01,Zscaler,Billed Revenue,9495500.77
2025-12-01,Zscaler,Monthly WIN - MRC,159789.7
2025-12-01,Zscaler,Monthly WIN - TCV,1904689.5
2025-12-01,Zscaler,Order in Progress - MRC,148250.9
